{
    "name": "root",
    "gauges": {
        "MoveToBall.Policy.Entropy.mean": {
            "value": 1.4200081825256348,
            "min": 1.4200081825256348,
            "max": 1.4200081825256348,
            "count": 1
        },
        "MoveToBall.Policy.Entropy.sum": {
            "value": 71274.46875,
            "min": 71274.46875,
            "max": 71274.46875,
            "count": 1
        },
        "MoveToBall.Environment.EpisodeLength.mean": {
            "value": 79.65645161290323,
            "min": 79.65645161290323,
            "max": 79.65645161290323,
            "count": 1
        },
        "MoveToBall.Environment.EpisodeLength.sum": {
            "value": 49387.0,
            "min": 49387.0,
            "max": 49387.0,
            "count": 1
        },
        "MoveToBall.Step.mean": {
            "value": 49972.0,
            "min": 49972.0,
            "max": 49972.0,
            "count": 1
        },
        "MoveToBall.Step.sum": {
            "value": 49972.0,
            "min": 49972.0,
            "max": 49972.0,
            "count": 1
        },
        "MoveToBall.Policy.ExtrinsicValueEstimate.mean": {
            "value": 0.4756108224391937,
            "min": 0.4756108224391937,
            "max": 0.4756108224391937,
            "count": 1
        },
        "MoveToBall.Policy.ExtrinsicValueEstimate.sum": {
            "value": 520.3182373046875,
            "min": 520.3182373046875,
            "max": 520.3182373046875,
            "count": 1
        },
        "MoveToBall.Environment.CumulativeReward.mean": {
            "value": 0.7043618739903069,
            "min": 0.7043618739903069,
            "max": 0.7043618739903069,
            "count": 1
        },
        "MoveToBall.Environment.CumulativeReward.sum": {
            "value": 436.0,
            "min": 436.0,
            "max": 436.0,
            "count": 1
        },
        "MoveToBall.Policy.ExtrinsicReward.mean": {
            "value": 0.7043618739903069,
            "min": 0.7043618739903069,
            "max": 0.7043618739903069,
            "count": 1
        },
        "MoveToBall.Policy.ExtrinsicReward.sum": {
            "value": 436.0,
            "min": 436.0,
            "max": 436.0,
            "count": 1
        },
        "MoveToBall.Losses.PolicyLoss.mean": {
            "value": 0.02407644804722319,
            "min": 0.02407644804722319,
            "max": 0.02407644804722319,
            "count": 1
        },
        "MoveToBall.Losses.PolicyLoss.sum": {
            "value": 0.09630579218889276,
            "min": 0.09630579218889276,
            "max": 0.09630579218889276,
            "count": 1
        },
        "MoveToBall.Losses.ValueLoss.mean": {
            "value": 0.05067490224416057,
            "min": 0.05067490224416057,
            "max": 0.05067490224416057,
            "count": 1
        },
        "MoveToBall.Losses.ValueLoss.sum": {
            "value": 0.20269960897664227,
            "min": 0.20269960897664227,
            "max": 0.20269960897664227,
            "count": 1
        },
        "MoveToBall.Policy.LearningRate.mean": {
            "value": 0.00028459710513429996,
            "min": 0.00028459710513429996,
            "max": 0.00028459710513429996,
            "count": 1
        },
        "MoveToBall.Policy.LearningRate.sum": {
            "value": 0.0011383884205371998,
            "min": 0.0011383884205371998,
            "max": 0.0011383884205371998,
            "count": 1
        },
        "MoveToBall.Policy.Epsilon.mean": {
            "value": 0.19486570000000003,
            "min": 0.19486570000000003,
            "max": 0.19486570000000003,
            "count": 1
        },
        "MoveToBall.Policy.Epsilon.sum": {
            "value": 0.7794628000000001,
            "min": 0.7794628000000001,
            "max": 0.7794628000000001,
            "count": 1
        },
        "MoveToBall.Policy.Beta.mean": {
            "value": 0.00474379843,
            "min": 0.00474379843,
            "max": 0.00474379843,
            "count": 1
        },
        "MoveToBall.Policy.Beta.sum": {
            "value": 0.01897519372,
            "min": 0.01897519372,
            "max": 0.01897519372,
            "count": 1
        },
        "MoveToBall.IsTraining.mean": {
            "value": 1.0,
            "min": 1.0,
            "max": 1.0,
            "count": 1
        },
        "MoveToBall.IsTraining.sum": {
            "value": 1.0,
            "min": 1.0,
            "max": 1.0,
            "count": 1
        }
    },
    "metadata": {
        "timer_format_version": "0.1.0",
        "start_time_seconds": "1731562243",
        "python_version": "3.10.12 | packaged by Anaconda, Inc. | (main, Jul  5 2023, 19:01:18) [MSC v.1916 64 bit (AMD64)]",
        "command_line_arguments": "C:\\miniconda3\\envs\\mlagent\\Scripts\\mlagents-learn --run-id=MoveToBall2",
        "mlagents_version": "1.1.0",
        "mlagents_envs_version": "1.1.0",
        "communication_protocol_version": "1.5.0",
        "pytorch_version": "2.1.1+cu121",
        "numpy_version": "1.23.5",
        "end_time_seconds": "1731562408"
    },
    "total": 165.4049492999984,
    "count": 1,
    "self": 0.008445999999821652,
    "children": {
        "run_training.setup": {
            "total": 0.051394099995377474,
            "count": 1,
            "self": 0.051394099995377474
        },
        "TrainerController.start_learning": {
            "total": 165.3451092000032,
            "count": 1,
            "self": 0.23505939999449765,
            "children": {
                "TrainerController._reset_env": {
                    "total": 58.87245400000393,
                    "count": 1,
                    "self": 58.87245400000393
                },
                "TrainerController.advance": {
                    "total": 106.0392953000046,
                    "count": 10360,
                    "self": 0.22511090021725977,
                    "children": {
                        "env_step": {
                            "total": 83.61717459971987,
                            "count": 10360,
                            "self": 62.962494399704156,
                            "children": {
                                "SubprocessEnvManager._take_step": {
                                    "total": 20.52057719995355,
                                    "count": 10360,
                                    "self": 0.658629599485721,
                                    "children": {
                                        "TorchPolicy.evaluate": {
                                            "total": 19.86194760046783,
                                            "count": 8774,
                                            "self": 19.86194760046783
                                        }
                                    }
                                },
                                "workers": {
                                    "total": 0.13410300006216858,
                                    "count": 10359,
                                    "self": 0.0,
                                    "children": {
                                        "worker_root": {
                                            "total": 99.43937319996621,
                                            "count": 10359,
                                            "is_parallel": true,
                                            "self": 55.40811879994726,
                                            "children": {
                                                "steps_from_proto": {
                                                    "total": 0.000319499995384831,
                                                    "count": 1,
                                                    "is_parallel": true,
                                                    "self": 0.00011649999942164868,