{"count":1,"self":20.6183504,"total":20.7452366,"children":{"InitializeActuators":{"count":12,"self":0.00099669999999999989,"total":0.00099669999999999989,"children":null},"InitializeSensors":{"count":12,"self":0.0019936999999999997,"total":0.0019936999999999997,"children":null},"AgentSendState":{"count":735,"self":0.0051487,"total":0.029291499999999998,"children":{"CollectObservations":{"count":1764,"self":0.0081789999999999988,"total":0.0081789999999999988,"children":null},"WriteActionMask":{"count":1764,"self":0.0009979,"total":0.0009979,"children":null},"RequestDecision":{"count":1764,"self":0.014965899999999999,"total":0.014965899999999999,"children":null}}},"DecideAction":{"count":735,"self":0.0529674,"total":0.0529674,"children":null},"AgentAct":{"count":735,"self":0.040641699999999996,"total":0.040641699999999996,"children":null}},"gauges":{},"metadata":{"timer_format_version":"0.1.0","start_time_seconds":"1731548046","unity_version":"6000.0.24f1","command_line_arguments":"C:\\Program Files\\Unity\\Hub\\Editor\\6000.0.24f1\\Editor\\Unity.exe -projectpath C:\\Users\\SeongMun Hwang\\Desktop\\MLAgent -useHub -hubIPC -cloudEnvironment production","communication_protocol_version":"1.5.0","com.unity.ml-agents_version":"3.0.0","scene_name":"3DBall","end_time_seconds":"1731548067"}}