{"count":1,"self":804.47488,"total":4158.9972689,"children":{"InitializeActuators":{"count":48,"self":0.0019952999999999998,"total":0.0019952999999999998,"children":null},"InitializeSensors":{"count":48,"self":0.0045048,"total":0.0045048,"children":null},"AgentSendState":{"count":484284,"self":186.50115839999998,"total":307.05556509999997,"children":{"CollectObservations":{"count":4649472,"self":0.8977293,"total":0.8977293,"children":null},"WriteActionMask":{"count":4649472,"self":1.1559027,"total":1.1559027,"children":null},"RequestDecision":{"count":4649472,"self":7.0325463999999993,"total":118.50076899999999,"children":{"AgentInfo.ToProto":{"count":4649472,"self":5.5472572,"total":111.4682225,"children":{"GenerateSensorData":{"count":4649472,"self":90.935999999999993,"total":105.9209654,"children":{"RayPerceptionSensor.Perceive":{"count":9298944,"self":14.9849632,"total":14.9849628,"children":null}}}}}}}}},"DecideAction":{"count":484284,"self":3010.68288,"total":3010.682915,"children":null},"AgentAct":{"count":484284,"self":36.337888,"total":36.3378884,"children":null},"AgentInfo.ToProto":{"count":15952,"self":0.035396699999999996,"total":0.4385209,"children":{"GenerateSensorData":{"count":15952,"self":0.34243439999999997,"total":0.4031242,"children":{"RayPerceptionSensor.Perceive":{"count":31904,"self":0.060689799999999995,"total":0.060689799999999995,"children":null}}}}}},"gauges":{"Soccer.CumulativeReward":{"count":15952,"max":0,"min":0,"runningAverage":0,"value":0,"weightedAverage":0}},"metadata":{"timer_format_version":"0.1.0","start_time_seconds":"1731913189","unity_version":"6000.0.24f1","command_line_arguments":"C:\\Program Files\\Unity\\Hub\\Editor\\6000.0.24f1\\Editor\\Unity.exe -projectpath C:\\Users\\SeongMun Hwang\\Desktop\\MLAgent -useHub -hubIPC -cloudEnvironment production","communication_protocol_version":"1.5.0","com.unity.ml-agents_version":"3.0.0","scene_name":"SoccerScene","end_time_seconds":"1731917348"}}